,nom,ingrédients,proportions,méthode,remarques
"A
R
M
A
G
N
A
C

&

C
A
L
V
A
D
O
S",Apple Jack,calvados,5/10e,shaker,/
,,jus de citron,3/10e,,
,,grenadine,2/10e,,
,C.C.C.,calvados,6/10e,shaker,/
,,"liqueur de
framboise",2/10e,,
,,Cointreau,2/10e,,
,Estocade,armagnac,3/10e,verre,/
,,"liqueur de
prunelle",2/10e,,
,,"jus de fruits
de la passion",5/10e,,
,"Guillaume
Tell",calvados,2/10e,verre,"décorer avec
quartier de
pomme"
,,"liqueur
d’amande
douce",1/10e,,
,,curaçao bleu,1/10e,,
,,jus d’orange,6/10e,,
,"Le Baiser
de la veuve",Bénédictine,3/10e,shaker,/
,,Chartreuse,3/10e,,
,,calvados,4/10e,,
,,angostura,un trait,,
,Napoléon,"liqueur de
mandarine",5/10e,shaker,/
,,calvados,2/10e,,
,,cognac,3/10e,,
,3–3–3,"jus de
pamplemousse",4/10e,shaker,/
,,Cointreau,3/10e,,
,,calvados,3/10e,,
,South West,armagnac,2/10e,verre,/
,,Izarra jaune,2/10e,,
,,"nectar de
raisin muscat",6/10e,,
,Tramontane,"sirop de
grenadine",1/10e,shaker,/
,,"jus de
pamplemousse",4/10e,,
,,armagnac,3/10e,,
,,crème de cassis,2/10e,,
"C

H

A

M

P

A

G

N

E",À la grille,"liqueur de
pêche",3/10e,verre,"verser les
ingrédients
dans cet
ordre"
,,champagne,7/10e,,
,,grenadine,un trait,,
,,curaçao bleu,un trait,,
,Angélique,guignolet,3/10e,verre,/
,,cognac,1/10e,,
,,champagne,6/10e,,
,Barbotage,cognac,1/10e,shaker,"ajouter le
champagne
en dernier
après avoir
mélangé les
ingrédients
dans le shaker"
,,Cointreau,1/10e,,
,,jus d’orange,2/10e,,
,,grenadine,un trait,,
,,champagne,6/10e,,
,Bellini,"pulpe de
pêche fraiche",3/10e,verre,/
,,champagne,7/10e,,
,,grenadine,un trait,,
,Bide,cognac,2/10e,verre,"terminer avec
le champagne"
,,Grand Marnier,1/10e,,
,,"liqueur de
cerise",1/10e,,
,,jus d’orange,3/10e,,
,,champagne,3/10e,,
,Black Velvet,Guiness,3/10e,verre,/
,,champagne,7/10e,,
,Boléro,Cointreau,2/10e,verre,"terminer avec
le champagne"
,,armagnac,1/10e,,
,,Noilly Prat,2/10e,,
,,champagne,5/10e,,
,Bulles bleues,"crème
d’abricot",1/10e,verre,/
,,curaçao bleu,2/10e,,
,,champagne,7/10e,,
,Camélia,"crème de
framboise",1/10e,verre,"terminer avec
le champagne"
,,"vermouth
blanc",2/10e,,
,,champagne,7/10e,,
,"Champagne
Carita",jaune d’œuf,1,shaker,"ajouter le
champagne
en dernier
après avoir
mélangé les
ingrédients
dans le shaker"
,,armagnac,2/10e,,
,,Cointreau,2/10e,,
,,miel,"une cuillère
à café",,
,,champagne,7/10e,,
,"Champagne
Cocktail","sucre imbibé
d’angostura et écrasé",un demi,verre,/
,,cognac,2/10e,,
,,champagne,8/10e,,
,,zeste de citron,1,,
,"Champagne
Pick Me Up",cognac,2/10e,shaker,"ajouter le
champagne
et le zeste
de citron
en dernier
après avoir
mélangé les
ingrédients
dans le shaker"
,,jus d’orange,2/10e,,
,,grenadine,un trait,,
,,champagne,6/10e,,
,,zeste de citron,1,,
,Coco Champ,crème de coco,1/10e,shaker,"terminer avec
le champagne"
,,Cointreau,2/10e,,
,,champagne,7/10e,,
,"Flute
enchantée","liqueur de
banane",1/10e,verre,/
,,Cointreau,2/10e,,
,,champagne,7/10e,,
,French 75,gin,2/10e,verre,"terminer avec
le zeste de
citron vert"
,,jus de citron,1/10e,,
,,champagne,7/10e,,
,,"zeste de
citron vert",1,,
,Isabella,"liqueur de
fraise",1/10e,verre,"mélanger la li-
queur de fraise et
le vermouth rouge
avec des glaçons
puis passer à la
passoire avant de terminer avec le champagne et ac-
compagner d’u-
ne brochette
de cerises"
,,"vermouth
rouge",3/10e,,
,,champagne,6/10e,,
,Kritter,Cointreau,2/10e,verre,"mélanger les
ingrédients
avec des glaçons
puis passer à la
passoire avant
de terminer
avec le
champagne"
,,"vermouth
blanc sec",2/10e,,
,,curaçao bleu,1/10e,,
,,angostura,un trait,,
,,champagne,5/10e,,
,Nationale 7,Grand Marnier,2/10e,shaker,"mélanger les
ingrédients
avec des glaçons
puis passer à la
passoire avant
de terminer
avec le
champagne"
,,jus d’orange,2/10e,,
,,alcool de poire,1/10e,,
,,champagne,5/10e,,
,,zeste d’orange,1,,
,"Péché
mignon","liqueur de
framboise",1/10e,verre,/
,,"liqueur de
pêche",3/10e,,
,,champagne,6/10e,,
,Poiret,"liqueur de
poire",2/10e,verre,/
,,alcool de poire,1/10e,,
,,champagne,7/10e,,
"C

O

G

N

A

C",Abricotier,cognac,2/10e,verre,"décorer avec
un quart de
rondelle de
pamplemousse"
,,"liqueur
d’abricot",1/10e,,
,,curaçao bleu,1/10e,,
,,"jus de
pamplemousse",3/10e,,
,,"nectar de
goyave",3/10e,,
,Aérobic,cognac,3/10e,verre,/
,,"liqueur de
pêche",1/10e,,
,,"jus de
pamplemousse",3/10e,,
,,"nectar de
goyave",3/10e,,
,,grenadine,un trait,,
,Alexandra,cognac,5/10e,shaker,/
,,"crème de
cacao",5/10e,,
,,crème fraiche,"une cuillère
à café",,
,Ambre,"crème de
framboise",2/10e,shaker,/
,,crème d’abricot,2/10e,,
,,Cointreau,2/10e,,
,,cognac,4/10e,,
,Atlantide,cognac,2/10e,shaker,"décorer avec
quartier
d’orange"
,,Martini rouge,"1,5/10e",,
,,Campari,"0,5/10e",,
,,grenadine,"0,5/10e",,
,,jus de citron,"0,5/10e",,
,,eau gazeuse,5/10e,,
,Bagarre,anisette,3/10e,shaker,/
,,gin,4/10e,,
,,cognac,3/10e,,
,,jaune d’œuf,1,,
,Coco Playa,"liqueur de
café",2/10e,shaker,/
,,cognac,3/10e,,
,,"liqueur de
cacao",2/10e,,
,,crème de coco,2/10e,,
,Dracula,cognac,3/10e,verre,/
,,"liqueur de
framboise",1/10e,,
,,"bitter sans
alcool",3/10e,,
,,nectar de poire,3/10e,,
,Dry Milk,Peppermint,2/10e,shaker,/
,,cognac,3/10e,,
,,lait,5/10e,,
,Fresh Picon,cognac,5/10e,shaker,/
,,Picon,3/10e,,
,,"crème de
menthe",2/10e,,
,Igor,vodka,4/10e,shaker,/
,,cognac,4/10e,,
,,Cointreau,2/10e,,
,,tabasco,un trait,,
,,poivre,"3 tours de
moulin",,
,Loup garou,cognac,3/10e,verre,/
,,"liqueur de
fraises des bois",1/10e,,
,,"jus de
pamplemousse",3/10e,,
,,nectar de poire,3/10e,,
,,grenadine,un trait,,
,Scala,Cointreau,2/10e,shaker,/
,,Drambuie,2/10e,,
,,"liqueur de
banane",1/10e,,
,,cognac,5/10e,,
,Sérénade,xérès,4/10e,shaker,/
,,sherry,2/10e,,
,,cognac,4/10e,,
,Side car,cognac,6/10e,shaker,/
,,jus de citron,1/10e,,
,,Cointreau,3/10e,,
,Stinger,cognac,6/10e,shaker,/
,,Peppermint,4/10e,,
"G

I

N","Ambre
Tonic",gin,5/10e,shaker,"ajouter le
Schweppes
en dernier
après avoir
mélangé les
ingrédients
dans le shaker"
,,crème de mure,2/10e,,
,,"liqueur de
mandarine",1/10e,,
,,Schweppes,2/10e,,
,Auguste,gin,6/10e,shaker,/
,,Cointreau,2/10e,,
,,crème de cassis,1/10e,,
,,"liqueur
d’abricot",1/10e,,
,Bienvenue,jus de citron,2/10e,shaker,/
,,"crème de
banane",4/10e,,
,,gin,4/10e,,
,Bingo,"crème de
mandarine",2/10e,verre,/
,,Picon,2/10e,,
,,gin,2/10e,,
,,tonic,4/10e,,
,Blue Marie,gin,3/10e,verre,/
,,Marie Brizard,"1,5/10e",,
,,curaçao bleu,"0,5/10e",,
,,Schweppes,5/10e,,
,"Buisson
ardent",gin,3/10e,verre,/
,,crème de mure,2/10e,,
,,ginger ale,5/10e,,
,"Ciel
d’Écosse",gin,2/10e,verre,/
,,curaçao bleu,1/10e,,
,,Drambuie,2/10e,,
,,tonic,5/10e,,
,Daisy,gin,6/10e,shaker,/
,,jus de citron,3/10e,,
,,grenadine,1/10e,,
,Freezer,crème fraiche,2/10e,shaker,/
,,Peppermint,3/10e,,
,,gin,5/10e,,
,Garrigue,"liqueur de
fenouil",2/10e,shaker,/
,,gin,5/10e,,
,,Cointreau,3/10e,,
,Gibson,gin,7/10e,verre,"mélanger
à la cuillère
puis enlever
les glaçons"
,,vermouth sec,3/10e,,
,,"ognon piqué
sur une
brochette",1,,
,Gimblet,gin,7/10e,shaker,/
,,"jus de
citron vert",3/10e,,
,,blanc d’œuf,1,,
,Gincana,gin,3/10e,verre,"décorer avec
quartier
d’orange"
,,Amaretto,1/10e,,
,,Campari,1/10e,,
,,"jus de fruits
mélangés",5/10e,,
,Gin Fizz,gin,2/10e,shaker,"ajouter l’eau
gazeuse
en dernier
après avoir
mélangé les
ingrédients
dans le shaker"
,,sucre de canne,1/10e,,
,,jus de citron,2/10e,,
,,eau gazeuse,5/10e,,
,"Grand
Guignol",gin,3/10e,verre,/
,,guignolet,1/10e,,
,,grenadine,un trait,,
,,"jus de
pamplemousse",3/10e,,
,,"nectar de
goyave",3/10e,,
,Olympia,gin,3/10e,verre,"décorer avec
un quartier
d’orange"
,,jus de citron,2/10e,,
,,"jus de
pamplemousse",1/10e,,
,,jus d’orange,4/10e,,
,,grenadine,deux traits,,
,Paradise,gin,4/10e,shaker,"décorer avec
une demi-
rondelle
d’orange"
,,"liqueur
d’abricot",2/10e,,
,,jus d’orange,4/10e,,
,"Paris
Show
Vision",gin,3/10e,verre,"décorer avec
une demi-
rondelle
d’orange"
,,"bitter sans
alcool",5/10e,,
,,"jus de
pamplemousse",2/10e,,
,Pink Lady,gin,7/10e,shaker,/
,,jus de citron,3/10e,,
,,grenadine,un trait,,
,Poker d’as,gin,5/10e,verre,"mélanger
à la cuillère
puis enlever
les glaçons
et décorer
avec un zeste
d’orange"
,,Noilly Prat,3/10e,,
,,Cointreau,1/10e,,
,,cherry-brandy,1/10e,,
,,Campari,deux traits,,
,Red Lion,gin,4/10e,shaker,/
,,Grand Marnier,2/10e,,
,,jus d’orange,3/10e,,
,,jus de citron,1/10e,,
,"Singapore
Sling",gin,3/10e,shaker,"ajouter l’eau
gazeuse
en dernier
après avoir
mélangé les
ingrédients
dans le shaker"
,,cherry-brandy,1/10e,,
,,jus de citron,1/10e,,
,,sucre en poudre,"une cuillère
à café",,
,,eau gazeuse,5/10e,,
,"White
Lady",gin,5/10e,shaker,/
,,Cointreau,3/10e,,
,,jus de citron,2/10e,,
"L
I
Q
U
E
U
R
S

&

C
R
È
M
E
S",Alésia,"liqueur de
pêche",4/10e,shaker,/
,,poire Williams,3/10e,,
,,"liqueur de
prunelle",3/10e,,
,Brise-glace,Marie Brizard,3/10e,verre,/
,,jus de citron,1/10e,,
,,Peppermint,1/10e,,
,,tonic,5/10e,,
,Cercueil,gin,1/10e,verre,/
,,vodka,1/10e,,
,,cognac,1/10e,,
,,whisky,1/10e,,
,,rhum brun,1/10e,,
,,"liqueur de
café",un trait,,
,,cherry-brandy,un trait,,
,,champagne,5/10e,,
,Cerisette,kirsch,1/10e,verre,/
,,crème de cassis,3/10e,,
,,"nectar de
myrtille",6/10e,,
,"Flambard
Club",genièvre,2/10e,verre,/
,,Cointreau,2/10e,,
,,"liqueur de
café",1/10e,,
,,"jus de
pamplemousse",5/10e,,
,Geneviève,genièvre,6/10e,shaker,/
,,jus de citron,2/10e,,
,,Peppermint,2/10e,,
,Itxassou,Izarra verte,2/10e,verre,/
,,jus de cerise,4/10e,,
,,jus d’orange,4/10e,,
,,"brochette de
cerises",1,,
,Keiko,grenadine,2/10e,verre,"cf. p. 32
(cocktail
à étages)"
,,sirop d’orgeat,1/10e,,
,,Parfait Amour,2/10e,,
,,Izarra jaune,2/10e,,
,,curaçao bleu,1/10e,,
,,vodka,2/10e,,
,Knock Out,Noilly Prat,2/10e,shaker,/
,,Peppermint,2/10e,,
,,anisette,2/10e,,
,,Bénédictine,2/10e,,
,,cherry-brandy,2/10e,,
,Macassar,sirop de vanille,1/10e,verre,/
,,Cointreau,4/10e,,
,,"nectar de
mandarine",5/10e,,
,,cacao,"une cuillère
à café",,
,Montbéliard,miel,"une cuillère
à soupe",verre,/
,,"liqueur de
framboise",2/10e,,
,,thé chaud,8/10e,,
,Poirier,"eau de vie
de poire",5/10e,shaker,/
,,liqueur de poire,5/10e,,
,Révolution,"nectar de
poire",3/10e,"verre
et
shaker","cf. p. 34
(cocktail
à étages)"
,,Cointreau,2/10e,,
,,grenadine,2/10e,,
,,"eau de vie
de poire",2/10e,,
,,curaçao bleu,1/10e,,
,Sens Fiction,Cointreau,5/10e,verre,"terminer avec
l’eau gazeuse"
,,jus d’orange,un trait,,
,,jus de citron,un trait,,
,,eau gazeuse,5/10e,,
,Sous-bois,"liqueur de
fraises des bois",3/10e,shaker,/
,,"liqueur de
framboise",3/10e,,
,,vodka,1/10e,,
,,"jus de fruits
de la passion",3/10e,,
,Syja,"mandarine
impériale",3/10e,shaker,"décorer avec
une rondelle
d’orange"
,,Campari,3/10e,,
,,jus d’orange,4/10e,,
,"Table
et
Cuisine","sirop de
gingembre",1/10e,"verre
et
shaker","cf. p. 34
(cocktail
à étages)"
,,curaçao bleu,2/10e,,
,,"crème de
banane",3/10e,,
,,curaçao bleu,2/10e,,
,,rhum blanc,2/10e,,
"R

H

U

M",Amazone,rhum blanc,3/10e,verre,/
,,jus d’ananas,6/10e,,
,,Peppermint,1/10e,,
,Banquise,"crème de
cacao blanc",3/10e,shaker,/
,,menthe blanche,3/10e,,
,,rhum blanc,4/10e,,
,Béguine,rhum,5/10e,shaker,/
,,"liqueur de
pêche",2/10e,,
,,crème fraiche,3/10e,,
,,curaçao bleu,un trait,,
,Bex,"sirop de
mandarine",1/10e,verre,"terminer avec
le tonic"
,,curaçao bleu,1/10e,,
,,rhum blanc,3/10e,,
,,tonic,5/10e,,
,Blue Tonic,rhum blanc,5/10e,shaker,"ajouter le
Schweppes
en dernier
après avoir
mélangé les
ingrédients
dans le shaker"
,,curaçao bleu,"1,5/10e",,
,,"sirop de
gingembre","1,5/10e",,
,,Schweppes,2/10e,,
,Butterfly,rhum Bacardi,4/10e,verre,"décorer avec
une rondelle
d’orange"
,,Cointreau,2/10e,,
,,jus d’orange,4/10e,,
,,grenadine,un trait,,
,Calypso,jaune d’œuf,1,shaker,"ajouter le
jus de pam-
plemousse en dernier avec
quelques grains
de café
après avoir
mélangé les
ingrédients
dans le shaker"
,,rhum blanc,3/10e,,
,,"liqueur de
café",3/10e,,
,,"jus de
pamplemousse",4/10e,,
,Cayo Largo,"crème de
banane",1/10e,verre,"décorer avec
une demi-
rondelle
d’orange
et une demi-
rondelle
de citron
vert"
,,Cointreau,1/10e,,
,,rhum blanc,2/10e,,
,,rhum brun,2/10e,,
,,jus d’ananas,1/10e,,
,,jus d’orange,3/10e,,
,,grenadine,un trait,,
,"Chaud,
Show",Cointreau,2/10e,verre,"ajouter une
rondelle
d’orange"
,,rhum brun,2/10e,,
,,eau chaude,6/10e,,
,Coco Clip,rhum blanc,3/10e,shaker,/
,,crème de coco,2/10e,,
,,"cocktail de
fruits exotiques",5/10e,,
,Columbia,"liqueur de
café",3/10e,shaker,/
,,"jus de citron
vert",4/10e,,
,,rhum blanc,3/10e,,
,Cotton Club,blanc d’œuf,1,shaker,"ajouter le
lait en
dernier en
poudrant avec
de la noix de
muscade râpée
après avoir
mélangé les
ingrédients
dans le shaker"
,,sucre de canne,1/10e,,
,,rhum brun,3/10e,,
,,lait,6/10e,,
,Daiquiri,jus de citron,3/10e,shaker,"décorer avec
une rondelle
de citron vert"
,,sucre de canne,1/10e,,
,,rhum blanc,6/10e,,
,Diva,blanc d’œuf,1,shaker,/
,,Picon,3/10e,,
,,Cointreau,3/10e,,
,,rhum blanc,4/10e,,
,Eau de mer,vodka,4/10e,verre,"mélanger
à la cuillère
puis enlever
les glaçons
avant d’ajou-
ter le trait
de citron"
,,rhum blanc,3/10e,,
,,gin,2/10e,,
,,curaçao bleu,1/10e,,
,,jus de citron,un trait,,
,Habanera,rhum blanc,4/10e,shaker,/
,,curaçao bleu,4/10e,,
,,jus de citron,2/10e,,
,Hot Caraïbes,sucre de canne,1/10e,verre,/
,,"crème de
menthe",2/10e,,
,,rhum blanc,3/10e,,
,,café chaud,4/10e,,
,Honey Moon,blanc d’œuf,1,shaker,/
,,miel,"une cuillère
à café",,
,,rhum brun,7/10e,,
,,citron pressé,3/10e,,
,"Ile de
France",rhum blanc,5/10e,shaker,"décorer avec
une brochette
de fruits confits"
,,curaçao bleu,3/10e,,
,,jus de citron,2/10e,,
,"Isla de
Pinos","vermouth
blanc",2/10e,verre,"ajouter l’eau
gazeuse
en dernier
après avoir
mélangé les
ingrédients
dans le verre"
,,rhum blanc,2/10e,,
,,"jus de
pamplemousse",3/10e,,
,,grenadine,un trait,,
,,eau gazeuse,3/10e,,
,Jack,rhum blanc,3/10e,shaker,/
,,téquila,5/10e,,
,,curaçao bleu,2/10e,,
,,sorbet coco,une boule,,
,La Guêpe,miel,"une cuillère
à soupe",verre,/
,,rhum blanc,4/10e,,
,,lait bouillant,6/10e,,
,,clous de girofle,2,,
,Mai Tai,rhum blanc,5/10e,verre,"décorer avec
des brochettes
de fruits confits"
,,sucre de canne,1/10e,,
,,Grand Marnier,1/10e,,
,,jus de citron,2/10e,,
,,sirop d’orgeat,1/10e,,
,"Maladie
d’amour",sirop d’orgeat,1/10e,verre,"décorer avec
un quart de
rondelle de
pamplemousse"
,,rhum blanc,4/10e,,
,,"jus de
pamplemousse",2/10e,,
,,jus d’orange,3/10e,,
,,grenadine,un trait,,
,"Merveille
des iles",sirop de sucre,1/10e,verre,"décorer avec
une rondelle
de kiwi"
,,rhum blanc,3/10e,,
,,jus de goyave,6/10e,,
,Mojito,sucre en poudre,"deux cuillère
à café",verre,"ajouter l’eau
gazeuse
en dernier
après avoir
mélangé les
ingrédients
dans le verre"
,,jus de citron,2/10e,,
,,Picon,2/10e,,
,,rhum blanc,3/10e,,
,,eau gazeuse,3/10e,,
,Ours brun,"sirop de
gingembre",1/10e,verre,"décorer avec
une demi-
rondelle de
citron"
,,rhum brun,3/10e,,
,,Schweppes,6/10e,,
,Passion,rhum brun,3/10e,verre,"décorer avec
une rondelle
de citron"
,,"liqueur de
pêche",2/10e,,
,,grenadine,1/10e,,
,,"nectar de fruits
de la passion",4/10e,,
,"Péché des
iles","liqueur de
pêche",2/10e,verre,"décorer avec
une rondelle
de citron"
,,rhum blanc,3/10e,,
,,"nectar de
pêche",5/10e,,
,Piconada,jus d’ananas,2/10e,shaker,"décorer avec
une rondelle
de citron"
,,crème de coco,2/10e,,
,,rhum brun,4/10e,,
,,Picon,2/10e,,
,Piña Colada,rhum brun,3/10e,shaker,/
,,crème de coco,2/10e,,
,,jus d’ananas,5/10e,,
,Planteur,rhum blanc,1/10e,verre,"décorer avec
une brochette
de cubes d’ana-
nas et de ceri-
ses confites"
,,rhum brun,3/10e,,
,,jus de citron,1/10e,,
,,jus d’ananas,5/10e,,
,,angostura,un trait,,
,Saint Barth,rhum brun,4/10e,verre,/
,,"sirop de
cannelle",1/10e,,
,,"liqueur de
cacao",2/10e,,
,,"jus de
pamplemousse",3/10e,,
,Salsa,rhum blanc,4/10e,shaker,"ajouter l’eau
gazeuse
en dernier
après avoir
mélangé les
ingrédients
dans le shaker"
,,"liqueur de
café",2/10e,,
,,"sirop de
gingembre",1/10e,,
,,eau gazeuse,3/10e,,
,"Santiago
Shake Up",Bénédictine,2/10e,shaker,/
,,curaçao bleu,5/10e,,
,,rhum,3/10e,,
,"Sparkling
Banana",rhum blanc,3/10e,verre,/
,,"liqueur de
banane",1/10e,,
,,Cointreau,1/10e,,
,,Schweppes,5/10e,,
,Transat,pulpe de fraise,4/10e,mixer,/
,,rhum blanc,5/10e,,
,,sucre de canne,1/10e,,
,Zombie,rhum brun,2/10e,verre,"décorer avec
une brochette
de cerises
confites"
,,rhum blanc,2/10e,,
,,cherry-brandy,1/10e,,
,,jus d’orange,5/10e,,
"T

É

Q

U

I

L

A",Acapulco,"liqueur de
café",2/10e,shaker,"servir avec
de la glace
pilée"
,,rhum brun,2/10e,,
,,téquila,2/10e,,
,,crème de coco,4/10e,,
,Blue Angel,téquila,6/10e,verre,"mélanger
à la cuillère
puis enlever
les glaçons"
,,vermouth sec,3/10e,,
,,curaçao bleu,1/10e,,
,Cactus,téquila,3/10e,shaker,"servir avec
de la glace
pilée"
,,jus de citron,4/10e,,
,,jus d’orange,1/10e,,
,,angostura,un trait,,
,,eau gazeuse,2/10e,,
,Forms,"sirop de
gingembre",1/10e,shaker,/
,,"jus de citron
vert",3/10e,,
,,téquila,6/10e,,
,Margarita,téquila,6/10e,shaker,/
,,Cointreau,3/10e,,
,,jus de citron,1/10e,,
,Matador,jus d’ananas,4/10e,verre,"mélanger
à la cuillère
puis enlever
les glaçons"
,,téquila,6/10e,,
,,"sirop de
framboise",un trait,,
,,jus de citron,un trait,,
,Paco,téquila,2/10e,verre,/
,,"liqueur de
prunelle",1/10e,,
,,Picon,2/10e,,
,,jus d’orange,5/10e,,
,Passionaria,crème de café,2/10e,shaker,/
,,rhum blanc,4/10e,,
,,téquila,4/10e,,
,Printania,téquila,5/10e,shaker,/
,,"liqueur de
prunelle",3/10e,,
,,"crème de
cacao blanc",2/10e,,
,,angostura,trois traits,,
,Romance,téquila,3/10e,verre,/
,,crème de cassis,1/10e,,
,,"jus de
pamplemousse",6/10e,,
,,grenadine,un trait,,
,Siesta,téquila,5/10e,verre,/
,,"liqueur de
café",5/10e,,
,"Téquila
Sunrise",grenadine,1/10e,verre,"d’abord la gre-
nadine, puis les
glaçons, puis
doucement le
jus d’orange
enfin faire
flotter la té-
quila"
,,jus d’orange,6/10e,,
,,téquila,3/10e,,
"V

E

R

M

O

U

T

H",Americano,Campari,5/10e,verre,"compléter
éventuelle-
ment de soda"
,,"vermouth
blanc",1/10e,,
,,"vermouth
rouge",4/10e,,
,,"rondelle
d’orange",1,,
,,"rondelle
de citron",1,,
,Bronx,gin,4/10e,shaker,/
,,"vermouth
rouge",1/10e,,
,,"vermouth
blanc sec",2/10e,,
,,jus d’orange,3/10e,,
,Cardinal,gin,5/10e,verre,/
,,vermouth sec,4/10e,,
,,Campari,1/10e,,
,,"zeste de
citron vert",1,,
,Dry Martini,gin,7/10e,verre,"mélanger à la cuil-
lère puis enlever
les glaçons et dé-
corer d’une olive
verte"
,,"vermouth
blanc sec",3/10e,,
,Negroni,Campari,3/10e,verre,"compléter
éventuelle-
ment de soda"
,,"vermouth
rouge",3/10e,,
,,gin,4/10e,,
,,"rondelle
de citron",1,,
,,"rondelle
d’orange",1,,
,Presidente,rhum blanc,6/10e,verre,"mélanger
à la cuillère
puis enlever
les glaçons"
,,"vermouth
blanc sec",3/10e,,
,,Grand Marnier,1/10e,,
,Romain,gin,2/10e,verre,"mélanger
à la cuillère
puis enlever
les glaçons"
,,cognac,1/10e,,
,,Cointreau,2/10e,,
,,Grand Marnier,1/10e,,
,,"vermouth
blanc sec",4/10e,,
,Rose,kirsch,3/10e,verre,"mélanger
à la cuillère
puis enlever
les glaçons
puis décorer
avec une
cerise"
,,"vermouth
blanc sec",5/10e,,
,,cherry-brandy,2/10e,,
,Trinity,gin,4/10e,verre,"mélanger
à la cuillère
puis enlever
les glaçons"
,,vermouth sec,3/10e,,
,,"vermouth
rouge",3/10e,,
,Turlututu,Bénédictine,3/10e,shaker,/
,,vermouth sec,4/10e,,
,,vodka,3/10e,,
,,angostura,un trait,,
"V
I
N

&

P
O
R
T
O",Apple Wine,calvados,2/10e,verre,/
,,jus de pomme,2/10e,,
,,"Saumur
pétillant",6/10e,,
,Gaillarde,Cointreau,2/10e,verre,/
,,vodka,1/10e,,
,,vin de noix,7/10e,,
,Karaté,Cointreau,2/10e,verre,/
,,"liqueur de
poire",2/10e,,
,,"vin blanc
pétillant",6/10e,,
,"Passe-
montagne",crème de cassis,2/10e,verre,/
,,"vermouth
rouge",2/10e,,
,,"vin rouge
chaud",6/10e,,
,Porto Flipp,jaune d’œuf,1,shaker,"poudrer de
noix de
muscade"
,,cognac,2/10e,,
,,porto,8/10e,,
,,sucre en poudre,"une cuillère
à café",,
,Piccolo,jus de citron,2/10e,verre,/
,,Picon,2/10e,,
,,vin blanc sec,6/10e,,
,Sangria,"fruits de
saison",???,"carafe
ou coupe","faire macérer
les ingrédients
puis servir"
,,sucre en poudre,???,,
,,cognac,8 cl,,
,,Cointreau,8 cl,,
,,jus de citron,1 cl,,
,,jus d’orange,4 cl,,
,,vin rouge,une bouteille,,
,,"zestes de
citron et
d’orange",???,,
,,"bouquet
de menthe",1,,
"V

O

D

K

A",Angola,sirop d’ananas,1/10e,shaker,/
,,crème de coco,2/10e,,
,,vodka,3/10e,,
,,café chaud,4/10e,,
,"Ballet
russe",vodka,8/10e,shaker,/
,,jus de citron,2/10e,,
,,crème de cassis,un trait,,
,"Banane
mécanique",vodka,3/10e,verre,/
,,"liqueur de
banane",2/10e,,
,,"jus de
pamplemousse",3/10e,,
,,"nectar de
poire",2/10e,,
,,grenadine,un trait,,
,"Black
Russian",vodka,5/10e,verre,/
,,liqueur de café,5/10e,,
,"Bloody
Mary",vodka,3/10e,verre,"décorer d’une
feuille de
céleri-branche"
,,jus de tomate,6/10e,,
,,jus de citron,1/10e,,
,,sauce anglaise,trois traits,,
,,tabasco,deux gouttes,,
,,"sel de céleri
/poivre",/,,
,"Bora
Bora",vodka,4/10e,shaker,"décorer d’une
rondelle de
citron"
,,cognac,2/10e,,
,,kirsch,2/10e,,
,,Picon,2/10e,,
,Campaï,vodka,3/10e,verre,/
,,jus d’ananas,6/10e,,
,,Campari,1/10e,,
,Carissimo,Noilly Prat,2/10e,shaker,/
,,vodka,6/10e,,
,,cherry-brandy,2/10e,,
,,angostura,deux traits,,
,Chat noir,Fernet Branca,4/10e,shaker,/
,,vodka,6/10e,,
,"Dream
Tonic",vodka,4/10e,shaker,"décorer d’une
brochette de
cerises confites"
,,"vermouth
blanc",2/10e,,
,,"liqueur de
framboise",2/10e,,
,,Schweppes,2/10e,,
,Ice Ginger,menthe blanche,2/10e,verre,"servir avec
une cerise"
,,vodka,3/10e,,
,,ginger ale,5/10e,,
,Isba,vodka,5/10e,shaker,/
,,"liqueur
d’abricot",2/10e,,
,,vermouth sec,2/10e,,
,,jus de citron,1/10e,,
,Framboisia,Cointreau,1/10e,shaker,/
,,"crème de
framboise",4/10e,,
,,vodka,5/10e,,
,Fronton,Izarra verte,2/10e,shaker,/
,,vodka,3/10e,,
,,jus d’ananas,5/10e,,
,Frou-frou,"liqueur de
fraises des bois",3/10e,shaker,"servir avec
une fraise"
,,vodka,5/10e,,
,,jus de citron,2/10e,,
,Kiss Tonic,vodka,5/10e,shaker,/
,,"liqueur de
fraise",2/10e,,
,,"liqueur de
pêche",1/10e,,
,,Schweppes,2/10e,,
,"Le petit
chaperon
rouge",vodka,3/10e,verre,"décorer avec
une rondelle
d’orange"
,,"liqueur de
fraises des bois",1/10e,,
,,"bitter sans
alcool",3/10e,,
,,"nectar de
goyave",3/10e,,
,,grenadine,un trait,,
,"Lover’s
Nocturne",Drambuie,3/10e,shaker,/
,,vodka,7/10e,,
,,angostura,un trait,,
,Manouchka,vodka,5/10e,shaker,/
,,Grand Marnier,2/10e,,
,,jus d’orange,3/10e,,
,Moscovite,cherry-brandy,3/10e,shaker,/
,,poire Williams,2/10e,,
,,vodka,5/10e,,
,,angostura,un trait,,
,Philippon,"vermouth
blanc",4/10e,shaker,/
,,Cointreau,3/10e,,
,,vodka,3/10e,,
,,angostura,un trait,,
,Potemkine,cherry-brandy,2/10e,verre,/
,,vodka,4/10e,,
,,jus d’orange,4/10e,,
,Samba,crème de coco,2/10e,shaker,/
,,jus de papaye,2/10e,,
,,Cointreau,2/10e,,
,,vodka,4/10e,,
,,grenadine,un trait,,
,"Screw
Driver",vodka,2/10e,verre,"décorer avec
une rondelle
d’orange"
,,jus d’orange,8/10e,,
,"Sophie
Stickee",vodka,4/10e,shaker,/
,,Cointreau,2/10e,,
,,"liqueur de
fraise",2/10e,,
,,"liqueur de
banane",2/10e,,
,Valbonne,"sirop de
mandarine",1/10e,shaker,/
,,jus de citron,3/10e,,
,,vodka,6/10e,,
,Veranoff,vodka,4/10e,shaker,"décorer avec
une brochette
de fruits confits"
,,"liqueur de
framboise",3/10e,,
,,jus de citron,1/10e,,
,,jus d’orange,2/10e,,
,,grenadine,un trait,,
WHISKY & BOURBON,"American
Tonic",bourbon,6/10e,shaker,/
,,"liqueur de
framboise",2/10e,,
,,Schweppes,2/10e,,
,"Clair
de lune","whisky
canadien",6/10e,shaker,"décorer avec
une demi-
rondelle
d’orange"
,,"liqueur
d’abricot",1/10e,,
,,jus d’orange,3/10e,,
,Club 85,jus de citron,3/10e,shaker,"décorer avec
une rondelle
de citron et
une cerise
confite"
,,crème de cacao,3/10e,,
,,Scotch whisky,4/10e,,
,"Coup de pied
de cheval",bourbon,3/10e,verre,"ajouter une
rondelle
d’orange"
,,jus d’orange,7/10e,,
,,armagnac,un trait,,
,,sucre en poudre,"une cuillère
à café",,
,Dixie Land,"Southern
Comfort",4/10e,shaker,/
,,bourbon,5/10e,,
,,jus de mangue,1/10e,,
,Hublot,Scotch whisky,4/10e,shaker,"décorer avec
une rondelle
d’orange et
une cerise"
,,jus d’orange,6/10e,,
,,Grand Marnier,un trait,,
,Los Angeles,Scotch whisky,5/10e,shaker,/
,,"vermouth
rouge",2/10e,,
,,œuf entier,1,,
,,jus de citron,3/10e,,
,Manhattan,"whisky
canadien",6/10e,verre,"décorer avec
une cerise"
,,"vermouth
rouge",2/10e,,
,,"vermouth
blanc sec",2/10e,,
,,angostura,un trait,,
,Messaline,bourbon,7/10e,shaker,/
,,Drambuie,3/10e,,
,,crème fraiche,"deux cuillères
à café",,
,Narcisse,Scotch whisky,3/10e,verre,/
,,Amaretto,1/10e,,
,,"liqueur de
mandarine",1/10e,,
,,jus d’orange,5/10e,,
,"New
Orleans",bourbon,8/10e,shaker,"saupoudrer
d’un peu de
noix de
muscade"
,,"Southern
Comfort",2/10e,,
,,crème fraiche,"deux cuillères
à café",,
,Ouragan,Scotch whisky,4/10e,shaker,/
,,gin,2/10e,,
,,Peppermint,2/10e,,
,,jus de citron,2/10e,,
,"Pink
Elephant",jus de citron,3/10e,shaker,/
,,bourbon,7/10e,,
,,grenadine,un trait,,
,,blanc d’œuf,1,,
,Polar,"liqueur de
mandarine",2/10e,verre,/
,,bourbon,4/10e,,
,,ginger ale,4/10e,,
,"4th of
July",bourbon,3/10e,shaker,/
,,jus de citron,1/10e,,
,,"liqueur
d’abricot",1/10e,,
,,jus d’orange,5/10e,,
,"Stars
and
Stripes",Cointreau,2/10e,verre,"décorer avec
une rondelle
de citron"
,,bourbon,3/10e,,
,,Coca-Cola,5/10e,,
,Sylvie,Scotch whisky,3/10e,shaker,/
,,"liqueur de
mandarine",1/10e,,
,,"vermouth
rouge",3/10e,,
,,jus d’orange,3/10e,,
,Whisky Sour,whisky,7/10e,shaker,/
,,jus de citron,3/10e,,
,,sucre en poudre,"une cuillère
à café",,
BITTER SANS ALCOOL,Amertume,jus de pomme,3/10e,verre,/
,,jus de cassis,3/10e,,
,,"bitter sans
alcool",4/10e,,
,Bâtard,sucre de canne,1/10e,verre,/
,,"jus de citron
vert",2/10e,,
,,jus de groseille,2/10e,,
,,"bitter sans
alcool",5/10e,,
,Guignette,jus d’orange,3/10e,verre,"décorer avec
une rondelle
d’orange"
,,"nectar de
cerise",2/10e,,
,,"bitter sans
alcool",3/10e,,
,,eau gazeuse,2/10e,,
,Instit,"jus de
raisin blanc",5/10e,verre,/
,,jus de groseille,2/10e,,
,,"bitter sans
alcool",3/10e,,
,Italia,"sirop de
gingembre",1/10e,verre,"décorer avec
une tranche
de kiwi"
,,"jus de
mandarine",4/10e,,
,,"bitter sans
alcool",5/10e,,
,"Orange
Bitter",sucre de canne,1/10e,verre,/
,,jus de citron,1/10e,,
,,jus d’orange,4/10e,,
,,"bitter sans
alcool",4/10e,,
,,angostura,deux traits,,
,"Spring
Song","jus de
pamplemousse",3/10e,verre,"décorer avec
une rondelle
d’orange"
,,"sirop de
menthe verte",2/10e,,
,,"bitter sans
alcool",5/10e,,
,Tahiti,jus d’orange,2/10e,verre,"décorer avec
un quartier
d’ananas"
,,jus d’ananas,2/10e,,
,,"bitter sans
alcool",6/10e,,
CAFÉ & THÉ,"Café
américain",café,5/10e,verre,"faire deux
couches de
chantilly"
,,chantilly,2/10e,,
,,"gelée de
groseille",1/10e,,
,,chantilly,2/10e,,
,"Grand-mère
",sirop de mure,1/10e,verre,/
,,café chaud,7/10e,,
,,crème fraiche,2/10e,,
,"India
Song",crème de coco,2/10e,verre,/
,,jus d’ananas,2/10e,,
,,thé,6/10e,,
,Tea Cup,jus de citron,1/10e,carafe,"faire macérer
au frais ; verser
dans les verres
et décorer
avec une
rondelle
de citron"
,,jus d’ananas,3/10e,,
,,thé glacé,3/10e,,
,,eau gazeuse,3/10e,,
,,sucre,100 g,,
,,framboises,125 g,,
,,fraises,125 g,,
,Thé froid,sucre,"une cuillère
à café",verre,"décorer avec
une rondelle
de citron"
,,jus de citron,4/10e,,
,,thé froid,6/10e,,
CIDRE,"Belle
Normande",grenadine,1/10e,verre,/
,,jus de poire,3/10e,,
,,jus de banane,3/10e,,
,,cidre doux,3/10e,,
,Futaie,"sirop de
framboise",1/10e,verre,/
,,jus de quetsche,3/10e,,
,,cidre doux,6/10e,,
,Golden,"nectar de
poire",2/10e,shaker,"ajouter le
cidre brut
après avoir
mélangé les
ingrédients
dans le shaker"
,,jus d’orange,2/10e,,
,,sirop d’orgeat,1/10e,,
,,cidre brut,5/10e,,
,Pétard,"sirop de
banane",1/10e,verre,/
,,"sirop de
framboise",2/10e,,
,,jus de citron,1/10e,,
,,cidre brut,6/10e,,
COCA,Florida,sirop de citron,1/10e,verre,/
,,jus d’orange,4/10e,,
,,Coca-Cola,5/10e,,
,"India
Coke",jus de citron,3/10e,verre,"décorer avec
une rondelle
de citron et
une cerise
confite"
,,"sirop de
grenadine",1/10e,,
,,Coca-Cola,6/10e,,
,"Patte
de
velours",jus de citron,2/10e,verre,"décorer avec
une rondelle
de citron"
,,jus d’orange,3/10e,,
,,Coca-Cola,5/10e,,
,Trip,sirop de café,2/10e,verre,"décorer avec
une rondelle
de citron"
,,Coca-Cola,8/10e,,
GLACES & SORBETS,Glissade,"glace à la
vanille",deux boules,verre,"compléter
avec de la
limonade"
,,"sirop de
menthe",un trait,,
,,"sirop de
réglisse",un trait,,
,Igloo,"sorbet au
citron vert",4/10e,shaker,"compléter
avec de
l’eau gazeuse"
,,jus de citron,6/10e,,
,"Lanterne
magique","glace à la
fraise",deux boules,shaker,"compléter
avec du
tonic"
,,"sirop de
menthe",un trait,,
,"Montagne
verte","sorbet au
citron vert",deux boules,verre,/
,,"sirop de
menthe verte",un grand trait,,
,,Ricqlès,un quart,,
,Nez rouge,"sorbet à
l’ananas",deux boules,verre,/
,,jus de cerise,5/10e,,
,,"ananas
pétillant",5/10e,,
,Nonnette,"sorbet au
cassis",deux boules,verre,"compléter
avec de
l’eau gazeuse"
,,sirop de citron,deux traits,,
J U S  D E  F R U I T S,"Amanda
couleur",lait d’amande,2/10e,shaker,"décorer avec
une cerise
confite"
,,pulpe d’abricot,3/10e,,
,,jus de cerise,5/10e,,
,Anorma,jus d’ananas,4/10e,verre,"décorer avec
une demi-
rondelle
d’orange"
,,jus d’orange,4/10e,,
,,"sirop de
mandarine",2/10e,,
,Ardoise,grenadine,1/10e,verre,"décorer avec
un quartier
de pêche"
,,"nectar de
poire",3/10e,,
,,jus de pomme,3/10e,,
,,jus de pêche,3/10e,,
,"Arpents
verts",jus d’orange,4/10e,shaker,/
,,nectar d’abricot,4/10e,,
,,"sirop de
menthe verte",2/10e,,
,Baby Kir,sirop de cassis,2/10e,shaker,"ajouter l’ana-
nas pétillant
après avoir
mélangé les
ingrédients
dans le shaker"
,,jus d’ananas,2/10e,,
,,"ananas
pétillant",6/10e,,
,Baloo,jus d’ananas,4/10e,verre,/
,,jus d’orange,4/10e,,
,,jus de citron,1/10e,,
,,sirop de fraise,1/10e,,
,Bise,"sirop de
framboise",1/10e,verre,/
,,jus de groseille,3/10e,,
,,"ananas
pétillant",6/10e,,
,Caïn,jus de pomme,6/10e,shaker,"saupoudrer
d’un peu de
cannelle
en poudre"
,,jus de cassis,4/10e,,
,,crème fraiche,"une cuillère
à café",,
,Canut,sirop de mure,2/10e,verre,/
,,"nectar de
poire",4/10e,,
,,jus de raisin,4/10e,,
,Carpe,"jus de
raisin rouge",5/10e,verre,/
,,jus de cerise,2/10e,,
,,eau gazeuse,3/10e,,
,Cavaillon,jus de melon,5/10e,verre,/
,,jus de cassis,3/10e,,
,,jus de groseille,2/10e,,
,Champêtre,sirop de fraise,1/10e,shaker,"ajouter le jus
de pomme pé-
tillant après
avoir mélan-
gé les ingré-dients dans
le shaker"
,,jus de mangue,2/10e,,
,,"jus de
framboise",2/10e,,
,,"jus de pomme
pétillant",5/10e,,
,Chatou,jus de groseille,3/10e,verre,/
,,"nectar de fruits
de la passion",4/10e,,
,,tonic,3/10e,,
,Christine,jus de groseille,3/10e,verre,/
,,jus de pomme,7/10e,,
,Clochettes,"jus de
pamplemousse",4/10e,verre,/
,,jus d’orange,4/10e,,
,,jus de citron,1/10e,,
,,"sirop de
myrtille",1/10e,,
,"Copa
Cabana","sirop de
menthe",un trait,shaker,"ajouter la
limonade
après avoir
mélangé les
ingrédients
dans le shaker"
,,"sirop de
banane",1/10e,,
,,crème de coco,3/10e,,
,,jaune d’œuf,1,,
,,limonade,6/10e,,
,Doucet,"sirop de
réglisse",2/10e,verre,/
,,"sirop de
vanille",1/10e,,
,,jus de pomme,7/10e,,
,Elfe,jus de citron,3/10e,verre,/
,,"jus de
mangue",3/10e,,
,,"jus de
myrtille",4/10e,,
,,angostura,un trait,,
,Exotoc,"nectar de
citron vert",2/10e,verre,/
,,"nectar de
goyave",2/10e,,
,,"nectar de fruits
de la passion",3/10e,,
,,"nectar de
mangue",3/10e,,
,,grenadine,un trait,,
,Fée verte,"sirop de
menthe verte",1/10e,verre,/
,,jus de poire,3/10e,,
,,"jus de
pamplemousse",2/10e,,
,,ginger ale,4/10e,,
,Fourge,"sirop de
cerise",2/10e,verre,/
,,jus d’orange,4/10e,,
,,"jus de fruits
de la passion",4/10e,,
,Frac,"jus de citron
vert",2/10e,verre,/
,,"jus de
framboise",2/10e,,
,,jus de cassis,2/10e,,
,,jus d’orange,4/10e,,
,Hombre,"jus de
pruneaux",2/10e,verre,/
,,jus de raisin,6/10e,,
,,jus de cerise,2/10e,,
,Ivoire,"nectar de
banane",3/10e,shaker,"ajouter l’ana-
nas pétillant
après avoir
mélangé les
ingrédients
dans le shaker"
,,"sirop de
mandarine",1/10e,,
,,crème de coco,1/10e,,
,,"ananas
pétillant",5/10e,,
,Kiwi d’or,sirop d’orgeat,1/10e,shaker,/
,,pulpe de kiwi,3/10e,,
,,jus de cerise,3/10e,,
,,jus de banane,3/10e,,
,"L’ange
bleu","jus de
pamplemousse",5/10e,verre,/
,,jus de poire,2/10e,,
,,jus de banane,3/10e,,
,,curaçao bleu,un grand trait,,
,L’Arlésienne,sucre de canne,1/10e,verre,/
,,jus de pêche,6/10e,,
,,nectar d’abricot,3/10e,,
,"Malibu
Beach","sirop de
mandarine",1/10e,shaker,"ajouter le jus de
raisin muscat
après avoir
mélangé les
ingrédients
dans le shaker"
,,crème de coco,1/10e,,
,,"jus de
pamplemousse",3/10e,,
,,"jus de
raisin muscat",5/10e,,
,Mandarin,jus d’orange,6/10e,shaker,/
,,sirop d’orange,2/10e,,
,,"mandarines
broyées au mixer",2,,
,Mandrin,"sirop de
mandarine",2/10e,shaker,"ajouter le jus de
banane
après avoir
mélangé les
ingrédients
dans le shaker"
,,jus d’orange,3/10e,,
,,cacao en poudre,"une cuillère
à café",,
,,jus de banane,5/10e,,
,Mangualo,"nectar de
mangue",4/10e,verre,/
,,jus de citron,2/10e,,
,,"sirop de
menthe verte",1/10e,,
,,limonade,3/10e,,
,Marelle,"nectar de
cerise",4/10e,verre,/
,,"jus de
pamplemousse",4/10e,,
,,"sirop de
pomme",2/10e,,
,Mosquito,"jus de
raisin muscat",2/10e,verre,/
,,jus de cassis,2/10e,,
,,"jus de fruits
de la passion",3/10e,,
,,jus d’ananas,3/10e,,
,Orca,jus d’orange,4/10e,verre,/
,,jus de cerise,3/10e,,
,,nectar d’abricot,3/10e,,
,Papagoya,jus de goyave,2/10e,shaker,/
,,"jus de fruits
de la passion",3/10e,,
,,"jus de
pamplemousse",3/10e,,
,,sirop d’orgeat,2/10e,,
,,jaune d’œuf,1,,
,Pépin,"sirop de
mandarine",1/10e,verre,"décorer avec
un quartier
d’orange"
,,"sirop de
framboise",1/10e,,
,,eau gazeuse,8/10e,,
,Pépite,"sirop de fruits
de la passion",1/10e,verre,/
,,sirop de citron,1/10e,,
,,jus de citron,2/10e,,
,,"nectar de fruits
de la passion",6/10e,,
,"Pomme
d’Api",jus de pomme,6/10e,shaker,/
,,"sirop de
myrtille",2/10e,,
,,"coulis de
framboise",2/10e,,
,Poussin,sirop d’orgeat,1/10e,shaker,/
,,jus de banane,3/10e,,
,,jaune d’œuf,1,,
,,jus d’orange,6/10e,,
,"Puerto
Rico",crème de coco,2/10e,shaker,"ajouter l’ana-
nas pétillant
après avoir
mélangé les
ingrédients
dans le shaker"
,,"sirop de
menthe blanc",2/10e,,
,,"ananas
pétillant",6/10e,,
,Pussy Foot,jus de citron,2/10e,shaker,"décorer avec
une brochette
de fruits confits"
,,jus d’orange,7/10e,,
,,grenadine,1/10e,,
,,jaune d’œuf,2,,
,"Rideau
rouge","nectar de
mangue",2/10e,verre,"décorer avec
une brochette
de citron vert
et feuilles
de menthe"
,,"nectar de
goyave",2/10e,,
,,"nectar de fruits
de la passion",3/10e,,
,,"nectar de
citron vert",3/10e,,
,,grenadine,un trait,,
,Rocker,sirop de fraise,1/10e,verre,/
,,"jus de
citron vert",1/10e,,
,,jus de banane,2/10e,,
,,"jus de
myrtille",6/10e,,
,Ruche,miel,"une cuillère
à café",verre,/
,,jus d’orange,3/10e,,
,,limonade,7/10e,,
,Savanah,jus d’ananas,3/10e,shaker,/
,,jus d’orange,4/10e,,
,,blanc d’œuf,1,,
,,"sirop de
chocolat",3/10e,,
,"Summer
Cup","tranches d’oran-
ge piquées de
clous de girofle",2,coupe,"déposer tout
d’abord au fond
de la coupe les
trois premiers
ingrédients,
puis ajouter le
miel, puis sau-
poudrer de can-
nelle, et enfin
verser les li-
quides ; laisser
macérer au frais
puis servir en
décorant avec
des feuilles
de menthe"
,,cerises noires,10,,
,,"quartiers
d’ananas",10,,
,,miel,un grand trait,,
,,cannelle,/,,
,,jus d’orange,2/10e,,
,,jus de cerise,2/10e,,
,,jus d’ananas,2/10e,,
,,jus de pomme,2/10e,,
,,eau gazeuse,2/10e,,
,Valencia,"eau de fleur
d’oranger",1/10e,verre,/
,,"jus de
framboise",3/10e,,
,,jus de raisin,6/10e,,
,Vendange,"jus de pêche
de vigne",4/10e,verre,/
,,"jus de raisin
rouge",3/10e,,
,,"jus de raisin
blanc",3/10e,,
,Volcan,jus de citron,2/10e,verre,/
,,jus de cassis,3/10e,,
,,limonade,3/10e,,
,"Wind
Surf",sirop d’orgeat,1/10e,shaker,"ajouter la
ginger ale
en dernier
après avoir
mélangé les
ingrédients
dans le shaker"
,,"sirop de
mandarine",2/10e,,
,,jus d’ananas,2/10e,,
,,ginger ale,5/10e,,
JUS DE LÉGUMES,Détonateur,"radis passés
au mixer",6 à 8,"mixer
puis
verre","verre givré
au sel de
céleri ; déco-
rer avec une
rondelle
de citron"
,,"tomates passées
au mixer",3,,
,,sel de céleri,/,,
,Die Grünen,"pincée de
feuilles de men-
the émincées",1,verre,/
,,jus de citron,4/10e,,
,,"jus de
concombre",6/10e,,
,Pili Pili,jus de tomate,4/10e,shaker,/
,,jus de carotte,3/10e,,
,,jus de groseille,2/10e,,
,,jus de citron,1/10e,,
,,"pointe de
piment",1,,
,Jardinier,jeune carotte,1,"mixer
puis
verre","passer les
ingrédients
au mixer
puis les
verser dans
le verre et
assaisonner"
,,"feuilles
d’épinards",2,,
,,brins de persil,2,,
,,brins de cresson,6,,
,,côte de céleri,1,,
,,"betterave
rouge cuite",1,,
,,"feuilles
de laitue",3,,
,,tomate,200 g,,
,,tabasco,/,,
,,sel de céleri,/,,
,"Ponté
Vecchio","jus de
concombre",3/10e,shaker,/
,,jus de fenouil,3/10e,,
,,"jus de
pamplemousse",4/10e,,
,,poivre,/,,
,"Soleil
levant",tomate,1,"mixer
puis
verre","passer les
ingrédients
au mixer
puis les
verser dans
le verre et
décorer d’une
rondelle de
citron vert"
,,carottes,2,,
,,pomme,1,,
,,orange,½,,
,,"feuilles
de menthe",3,,
,"Tomato
Cocktail",sauce anglaise,trois traits,verre,"compléter avec
du jus de
tomate et
décorer avec
une rondelle
de citron"
,,"goutte de
tabasco",1,,
,,sel de céleri,/,,
,,"tours de moulin
à poivre",3,,
,,jus de citron,un trait,,
L  A  I  T,Amandine,sirop d’orgeat,1/10e,shaker,/
,,sirop de melon,2/10e,,
,,"sirop de
cannelle",1/10e,,
,,lait,6/10e,,
,,jaune d’œuf,1,,
,Bengali,crème de coco,2/10e,shaker,/
,,lait,8/10e,,
,,vanille,"quelques
gouttes",,
,,jaune d’œuf,1,,
,"Blanche-
Neige",lait,7/10e,shaker,"décorer avec
un éclat de
noix de coco"
,,crème de coco,3/10e,,
,,blancs d’œuf,2,,
,"Bloody
Milk",jus de citron,1/10e,verre,/
,,tabasco,un trait,,
,,sauce anglaise,un trait,,
,,sel de céleri,/,,
,,jus de tomate,4/10e,,
,,lait,5/10e,,
,"Bon foie,
bon œil",jus d’orange,3/10e,shaker,/
,,lait,7/10e,,
,,jaune d’œuf,1,,
,,sucre en poudre,"deux cuillères
à café",,
,Canaille,"sirop de
cannelle",2/10e,shaker,/
,,"sirop de
framboise",2/10e,,
,,lait,6/10e,,
,Caraïbe,lait,9/10e,"mixer et
shaker","saupoudrer
de noix pilées"
,,jus de citron,1/10e,,
,,"banane broyée
au mixer",1,,
,"Coca
bricot",nectar d’abricot,6/10e,shaker,/
,,lait,4/10e,,
,,miel,"une cuillère
à café",,
,Jersey,lait,8/10e,shaker,"décorer avec
une fraise"
,,sirop d’orgeat,1/10e,,
,,sirop de fraise,1/10e,,
,,"fraises
écrasées",10,,
,"Milk
Julep","glaçons
de lait",/,verre,"décorer avec
une branche
de menthe"
,,grenadine,3/10e,,
,,lait,7/10e,,
,"Milk
Pick Up",jaune d’œuf,1,shaker,/
,,sucre en poudre,"deux cuillères
à café",,
,,sirop d’orgeat,1/10e,,
,,"extrait de
vanille",un trait,,
,,lait,9/10e,,
,Minh K.O.,sirop de menthe,2/10e,shaker,/
,,lait,8/10e,,
,,cacao en poudre,"une cuillère
à café",,
,Mint chaud,"sirop de menthe
blanche",1/10e,verre,/
,,sauce chocolat,2/10e,,
,,lait chaud,7/10e,,
,Myriam,"sirop de
myrtille",1/10e,mixer,/
,,"glace à la
vanille",3/10e,,
,,lait,6/10e,,
,Pinocchio,jus d’ananas,4/10e,shaker,/
,,lait,4/10e,,
,,crème de coco,1/10e,,
,,sirop de fraise,1/10e,,
,Régal,"sirop de
réglisse",2/10e,shaker,/
,,sirop d’orgeat,1/10e,,
,,lait,7/10e,,
,Sève,lait,7/10e,shaker,/
,,"sirop de
chocolat",3/10e,,
,,cannelle,/,,
,,"extrait de
vanille",/,,
,,"banane broyée
au mixer",1,,
,"Rosa
rosæ
rosam",sirop de fraise,1/10e,shaker,/
,,eau de rose,1/10e,,
,,lait,8/10e,,
,Séguédille,sirop de cassis,2/10e,shaker,/
,,"sirop de
mandarine",2/10e,,
,,lait,6/10e,,
,Sirtaki,sirop d’anis,2/10e,shaker,/
,,sirop de menthe,1/10e,,
,,lait,7/10e,,
,Snoopy,sirop d’orgeat,1/10e,shaker,/
,,crème de coco,1/10e,,
,,citron pressé,1/10e,,
,,lait,7/10e,,
,Tatami,"sirop de
gingembre",1/10e,shaker,/
,,sirop de fraise,1/10e,,
,,lait,8/10e,,
,Vahiné,"sirop de vanil-
le coco",2/10e,shaker,/
,,jaune d’œuf,1,,
,,"sirop de
banane",1/10e,,
,,lait,7/10e,,
,Vancouver,sirop d’érable,1/10e,shaker,/
,,crème de coco,3/10e,,
,,lait,6/10e,,
,Ver à soie,"sorbet
de mure",3/10e,shaker,/
,,lait,7/10e,,
